GEO.id,GEO.id2,GEO.display-label,rescen42010,resbase42010,respop72010,respop72011,respop72012,respop72013,respop72014,respop72015,respop72016,respop72017,respop72018
Id,Id2,Geography,"April 1, 2010 - Census","April 1, 2010 - Estimates Base",Population Estimate (as of July 1) - 2010,Population Estimate (as of July 1) - 2011,Population Estimate (as of July 1) - 2012,Population Estimate (as of July 1) - 2013,Population Estimate (as of July 1) - 2014,Population Estimate (as of July 1) - 2015,Population Estimate (as of July 1) - 2016,Population Estimate (as of July 1) - 2017,Population Estimate (as of July 1) - 2018
1620000US3600199,3600199,"Adams village, New York",1775,1784,1791,1815,1852,1829,1826,1810,1756,1760,1741
1620000US3600276,3600276,"Addison village, New York",1763,1763,1762,1760,1745,1737,1724,1709,1696,1682,1666
1620000US3600342,3600342,"Afton village, New York",822,835,833,831,827,821,819,813,808,801,800
1620000US3600408,3600408,"Airmont village, New York",8628,8625,8644,8716,8742,8784,8799,8792,8771,8781,8771
1620000US3600441,3600441,"Akron village, New York",2868,2888,2887,2878,2876,2879,2877,2865,2860,2853,2855
1620000US3601000,3601000,"Albany city, New York",97856,97841,97744,97940,98399,98487,98370,98234,97939,97726,97279
1620000US3601033,3601033,"Albion village, New York",6056,6073,6074,5979,5949,6058,6052,5981,5943,5859,5831
1620000US3601088,3601088,"Alden village, New York",2605,2605,2604,2598,2610,2607,2597,2584,2568,2565,2564
1620000US3601154,3601154,"Alexander village, New York",509,509,511,510,508,502,498,500,497,497,493
1620000US3601187,3601187,"Alexandria Bay village, New York",1078,1075,1073,1087,1110,1095,1094,1085,1053,1054,1044
1620000US3601198,3601198,"Alfred village, New York",4174,4175,4176,4123,4050,4028,4062,4065,4072,4011,4008
1620000US3601286,3601286,"Allegany village, New York",1816,1805,1802,1789,1775,1765,1754,1735,1727,1712,1717
1620000US3601440,3601440,"Almond village, New York",466,466,466,464,460,457,454,450,446,441,440
1620000US3601517,3601517,"Altamont village, New York",1720,1715,1713,1714,1713,1712,1709,1700,1706,1695,1683
1620000US3601737,3601737,"Ames village, New York",145,145,145,143,142,141,141,140,140,139,140
1620000US3602044,3602044,"Amityville village, New York",9523,9500,9509,9527,9509,9492,9464,9422,9495,9460,9439
1620000US3602066,3602066,"Amsterdam city, New York",18620,18604,18611,18367,18243,18104,18062,17985,17848,17814,17864
1620000US3602143,3602143,"Andover village, New York",1042,1041,1042,1037,1028,1022,1014,1005,998,991,984
1620000US3602176,3602176,"Angelica village, New York",869,869,870,865,856,851,845,838,831,830,824
1620000US3602198,3602198,"Angola village, New York",2127,2136,2135,2133,2133,2132,2128,2120,2111,2107,2107
1620000US3602286,3602286,"Antwerp village, New York",686,674,676,685,699,691,688,683,663,665,658
1620000US3602407,3602407,"Arcade village, New York",2071,2063,2059,2042,2033,2011,1987,1975,1957,1955,1947
1620000US3602506,3602506,"Ardsley village, New York",4452,4408,4414,4444,4451,4474,4482,4547,4560,4535,4524
1620000US3602550,3602550,"Argyle village, New York",306,302,302,302,300,300,298,298,295,295,293
1620000US3602583,3602583,"Arkport village, New York",844,845,845,845,838,832,826,817,811,804,797
1620000US3602737,3602737,"Asharoken village, New York",654,654,657,660,657,656,654,654,651,647,645
1620000US3602902,3602902,"Athens village, New York",1668,1675,1671,1659,1646,1634,1620,1620,1611,1606,1603
1620000US3602968,3602968,"Atlantic Beach village, New York",1891,1888,1890,1897,1902,1904,1905,1905,1904,1905,1907
1620000US3603001,3603001,"Attica village, New York",2547,2537,2540,2521,2516,2495,2470,2458,2435,2436,2425
1620000US3603078,3603078,"Auburn city, New York",27687,27688,27663,27542,27349,27167,27052,26994,26744,26622,26454
1620000US3603188,3603188,"Aurora village, New York",724,724,724,695,778,703,724,760,719,690,690
1620000US3603331,3603331,"Avoca village, New York",946,947,947,949,939,936,927,921,912,905,899
1620000US3603353,3603353,"Avon village, New York",3394,3376,3370,3355,3344,3318,3307,3293,3268,3245,3219
1620000US3603408,3603408,"Babylon village, New York",12166,12157,12172,12196,12170,12160,12140,12118,12076,12061,12040
1620000US3604033,3604033,"Bainbridge village, New York",1355,1365,1361,1357,1352,1343,1339,1326,1320,1310,1306
1620000US3604198,3604198,"Baldwinsville village, New York",7378,7205,7210,7205,7280,7292,7289,7354,7474,7752,7847
1620000US3604253,3604253,"Ballston Spa village, New York",5409,5428,5433,5436,5434,5425,5398,5401,5347,5298,5276
1620000US3604440,3604440,"Barker village, New York",533,533,533,530,526,522,519,516,515,512,508
1620000US3604715,3604715,"Batavia city, New York",15465,15395,15347,15313,15229,15056,14931,14836,14662,14585,14491
1620000US3604759,3604759,"Bath village, New York",5786,5789,5787,5794,5726,5705,5666,5613,5571,5526,5483
1620000US3604803,3604803,"Baxter Estates village, New York",999,1047,1048,1051,1050,1057,1058,1057,1056,1054,1052
1620000US3605034,3605034,"Bayville village, New York",6669,6668,6676,6700,6713,6718,6722,6722,6715,6712,6744
1620000US3605100,3605100,"Beacon city, New York",15541,14604,14633,14546,14443,14270,14159,14275,14171,14224,14523
1620000US3605639,3605639,"Bellerose village, New York",1193,1166,1168,1171,1173,1171,1172,1171,1170,1170,1165
1620000US3605672,3605672,"Belle Terre village, New York",792,790,791,795,796,798,796,793,787,789,787
1620000US3605771,3605771,"Bellport village, New York",2084,2084,2085,2092,2088,2088,2082,2076,2071,2061,2056
1620000US3605815,3605815,"Belmont village, New York",969,969,970,965,953,948,940,932,923,917,911
1620000US3605848,3605848,"Bemus Point village, New York",364,367,374,372,369,367,363,359,355,353,351
1620000US3606046,3606046,"Bergen village, New York",1176,1160,1158,1153,1148,1136,1127,1120,1105,1097,1090
1620000US3606607,3606607,"Binghamton city, New York",47376,47406,47349,46986,46754,46508,46279,45907,45491,45020,44785
1620000US3606794,3606794,"Black River village, New York",1348,1350,1357,1373,1402,1377,1355,1323,1283,1281,1264
1620000US3606849,3606849,"Blasdell village, New York",2553,2583,2584,2590,2607,2616,2622,2621,2622,2639,2656
1620000US3606945,3606945,"Bloomfield village, New York",1361,1365,1358,1354,1347,1344,1339,1331,1321,1312,1308
1620000US3606959,3606959,"Bloomingburg village, New York",420,425,424,422,422,426,423,417,415,414,413
1620000US3607190,3607190,"Bolivar village, New York",1047,1047,1048,1043,1030,1024,1016,1007,999,993,984
1620000US3607355,3607355,"Boonville village, New York",2072,2053,2049,2046,2047,2037,2029,2008,2000,2012,2001
1620000US3608070,3608070,"Brewster village, New York",2390,2410,2410,2407,2394,2392,2382,2372,2360,2359,2352
1620000US3608103,3608103,"Briarcliff Manor village, New York",7867,7853,7856,7919,7914,7915,7950,7538,7528,7506,8215
1620000US3608323,3608323,"Brightwaters village, New York",3103,3098,3100,3112,3106,3101,3093,3080,3065,3062,3054
1620000US3608422,3608422,"Broadalbin village, New York",1327,1355,1353,1343,1331,1315,1302,1297,1290,1289,1283
1620000US3608466,3608466,"Brockport village, New York",8366,8357,8362,8295,8388,8377,8346,8322,8280,8252,8254
1620000US3608488,3608488,"Brocton village, New York",1486,1483,1484,1489,1477,1470,1458,1442,1424,1415,1405
1620000US3608532,3608532,"Bronxville village, New York",6323,6279,6287,6318,6323,6352,6360,6370,6363,6467,6440
1620000US3610132,3610132,"Brookville village, New York",3465,3474,3478,3514,3522,3538,3545,3560,3577,3595,3602
1620000US3610231,3610231,"Brownville village, New York",1119,1125,1128,1143,1167,1153,1151,1140,1108,1110,1097
1620000US3610286,3610286,"Brushton village, New York",474,458,458,456,456,452,450,445,443,441,439
1620000US3610341,3610341,"Buchanan village, New York",2230,2220,2223,2235,2236,2248,2249,2252,2256,2248,2241
1620000US3611000,3611000,"Buffalo city, New York",261310,261372,261301,260706,260176,260041,259584,258339,256960,256430,256304
1620000US3611132,3611132,"Burdett village, New York",340,340,339,339,340,334,331,327,324,322,318
1620000US3611154,3611154,"Burke village, New York",211,207,207,206,206,207,205,203,202,203,202
1620000US3611704,3611704,"Caledonia village, New York",2201,2201,2196,2185,2171,2153,2142,2135,2120,2104,2105
1620000US3611825,3611825,"Cambridge village, New York",1870,1870,1873,1865,1860,1851,1842,1835,1824,1814,1803
1620000US3611847,3611847,"Camden village, New York",2231,2234,2234,2233,2227,2220,2208,2196,2183,2180,2172
1620000US3611902,3611902,"Camillus village, New York",1213,1261,1261,1257,1249,1244,1238,1228,1217,1205,1201
1620000US3612111,3612111,"Canajoharie village, New York",2229,2234,2236,2205,2192,2174,2167,2160,2144,2140,2147
1620000US3612144,3612144,"Canandaigua city, New York",10545,10591,10552,10543,10506,10491,10460,10409,10330,10289,10254
1620000US3612177,3612177,"Canaseraga village, New York",550,546,546,544,538,535,529,524,520,517,513
1620000US3612188,3612188,"Canastota village, New York",4804,4785,4779,4754,4721,4711,4685,4640,4605,4558,4542
1620000US3612210,3612210,"Candor village, New York",851,852,851,847,836,831,823,813,801,796,791
1620000US3612254,3612254,"Canisteo village, New York",2270,2272,2271,2271,2250,2242,2223,2203,2185,2167,2146
1620000US3612331,3612331,"Canton village, New York",6314,6331,6332,6694,6744,6628,6573,6596,6505,6421,6397
1620000US3612353,3612353,"Cape Vincent village, New York",726,723,726,736,751,742,740,733,711,712,705
1620000US3612683,3612683,"Carthage village, New York",3747,3651,3666,3686,3739,3667,3622,3540,3424,3419,3371
1620000US3612749,3612749,"Cassadaga village, New York",634,641,640,634,631,627,622,617,610,606,600
1620000US3612771,3612771,"Castile village, New York",1015,1008,1007,1002,999,990,981,977,973,972,968
1620000US3612870,3612870,"Castleton-on-Hudson village, New York",1473,1481,1475,1473,1471,1471,1474,1474,1471,1467,1473
1620000US3612881,3612881,"Castorland village, New York",351,351,350,353,353,353,354,349,347,346,346
1620000US3612958,3612958,"Cato village, New York",532,532,532,529,527,524,520,516,511,509,506
1620000US3613002,3613002,"Catskill village, New York",4081,4081,4065,4041,3997,3959,3924,3895,3861,3834,3826
1620000US3613024,3613024,"Cattaraugus village, New York",1002,969,968,960,952,947,944,934,929,921,914
1620000US3613068,3613068,"Cayuga village, New York",549,549,548,546,543,541,537,530,525,523,521
1620000US3613079,3613079,"Cayuga Heights village, New York",3729,3733,3737,3735,3757,3761,3744,3759,3737,3702,3674
1620000US3613145,3613145,"Cazenovia village, New York",2835,2836,2835,2776,2771,2832,2866,2857,2851,2839,2841
1620000US3613233,3613233,"Cedarhurst village, New York",6592,6585,6593,6609,6617,6650,6659,6657,6658,6671,6658
1620000US3613288,3613288,"Celoron village, New York",1112,1102,1100,1093,1086,1080,1075,1064,1051,1044,1037
1620000US3613585,3613585,"Central Square village, New York",1848,1840,1840,1835,1826,1817,1803,1792,1777,1772,1759
1620000US3613618,3613618,"Centre Island village, New York",410,410,411,412,412,413,413,413,411,411,410
1620000US3613739,3613739,"Champlain village, New York",1101,1098,1098,1093,1088,1083,1077,1068,1062,1060,1057
1620000US3613981,3613981,"Chateaugay village, New York",833,838,838,836,835,827,825,816,812,808,806
1620000US3614003,3614003,"Chatham village, New York",1770,1773,1771,1751,1744,1730,1715,1699,1673,1654,1635
1620000US3614036,3614036,"Chaumont village, New York",624,626,628,632,643,631,622,613,597,595,589
1620000US3615187,3615187,"Cherry Creek village, New York",461,461,462,463,460,458,452,447,443,440,437
1620000US3615242,3615242,"Cherry Valley village, New York",520,517,517,514,511,509,505,500,495,492,491
1620000US3615297,3615297,"Chester village, New York",3969,3935,3941,3924,3894,3878,3873,3872,3945,4104,4099
1620000US3615400,3615400,"Chestnut Ridge village, New York",7916,7916,7933,7995,8012,8054,8071,8077,8049,8058,8032
1620000US3615561,3615561,"Chittenango village, New York",5081,5070,5073,5048,5022,5012,4980,4943,4900,4874,4861
1620000US3615638,3615638,"Churchville village, New York",1961,1976,1990,1995,1987,1989,1991,2022,2030,2058,2081
1620000US3616089,3616089,"Clayton village, New York",1978,1979,1986,2013,2044,2006,1976,1932,1875,1873,1845
1620000US3616111,3616111,"Clayville village, New York",350,353,353,352,351,350,348,345,343,340,339
1620000US3616188,3616188,"Cleveland village, New York",750,751,751,751,748,744,738,732,725,721,714
1620000US3616375,3616375,"Clifton Springs village, New York",2127,2106,2104,2097,2090,2085,2083,2063,2047,2028,2024
1620000US3616419,3616419,"Clinton village, New York",1942,1786,1784,1777,1774,1766,1754,1741,1730,1725,1716
1620000US3616573,3616573,"Clyde village, New York",2093,2093,2089,2065,2053,2035,2024,2001,1983,1965,1953
1620000US3616628,3616628,"Cobleskill village, New York",4678,4672,4665,4587,4536,4555,4598,4521,4428,4385,4365
1620000US3616727,3616727,"Cohocton village, New York",838,838,838,838,831,826,822,814,809,804,797
1620000US3616749,3616749,"Cohoes city, New York",16168,16174,16171,16186,16205,16212,16204,16479,16840,16771,16655
1620000US3616815,3616815,"Cold Brook village, New York",329,328,328,327,326,323,320,316,312,311,309
1620000US3616936,3616936,"Cold Spring village, New York",2013,2009,2009,2007,1995,1992,1985,1975,1965,1964,1961
1620000US3617332,3617332,"Colonie village, New York",7793,7793,7802,7814,7862,7896,7879,7847,7797,7758,7700
1620000US3617882,3617882,"Constableville village, New York",242,242,242,243,244,243,242,241,239,239,237
1620000US3618047,3618047,"Cooperstown village, New York",1852,1853,1853,1842,1834,1829,1812,1795,1777,1765,1762
1620000US3618135,3618135,"Copenhagen village, New York",801,799,800,798,803,801,799,792,786,785,779
1620000US3618201,3618201,"Corfu village, New York",709,707,719,721,720,723,718,713,709,709,705
1620000US3618212,3618212,"Corinth village, New York",2559,2567,2569,2566,2553,2543,2529,2523,2491,2487,2473
1620000US3618256,3618256,"Corning city, New York",11183,11182,11181,11178,11095,11052,10956,10866,10780,10696,10603
1620000US3618333,3618333,"Cornwall-on-Hudson village, New York",3018,2983,2988,2975,2954,2939,2937,2927,2924,2924,2922
1620000US3618388,3618388,"Cortland city, New York",19204,19190,19183,19300,19103,19161,19048,18871,18771,18732,18713
1620000US3618597,3618597,"Cove Neck village, New York",286,294,294,295,296,296,302,304,302,302,301
1620000US3618718,3618718,"Coxsackie village, New York",2813,2816,2807,2798,2766,2745,2721,2701,2686,2677,2670
1620000US3619070,3619070,"Croghan village, New York",618,611,610,611,616,613,612,607,602,603,598
1620000US3619213,3619213,"Croton-on-Hudson village, New York",8070,8070,8078,8121,8122,8178,8187,8195,8184,8152,8125
1620000US3619356,3619356,"Cuba village, New York",1575,1571,1574,1574,1555,1549,1537,1525,1513,1505,1494
1620000US3619642,3619642,"Dannemora village, New York",3936,3952,3924,3830,3843,3803,3744,3619,3659,3700,3703
1620000US3619664,3619664,"Dansville village, New York",4719,4693,4680,4646,4616,4578,4552,4533,4502,4461,4420
1620000US3619994,3619994,"Deferiet village, New York",294,294,295,299,307,301,301,299,289,289,287
1620000US3620082,3620082,"Delanson village, New York",377,373,373,372,372,371,368,371,371,377,382
1620000US3620115,3620115,"Delevan village, New York",1089,1093,1091,1083,1074,1070,1065,1053,1048,1041,1034
1620000US3620126,3620126,"Delhi village, New York",3087,3087,3081,3039,3050,3085,3173,3148,3126,3112,3092
1620000US3620313,3620313,"Depew village, New York",15303,15437,15431,15399,15366,15362,15310,15230,15142,15091,15054
1620000US3620346,3620346,"Deposit village, New York",1663,1660,1657,1645,1632,1621,1607,1589,1571,1554,1538
1620000US3620379,3620379,"Dering Harbor village, New York",11,11,11,11,11,11,11,11,11,11,11
1620000US3620390,3620390,"DeRuyter village, New York",558,554,553,551,545,544,541,536,531,524,522
1620000US3620500,3620500,"Dexter village, New York",1052,1044,1049,1066,1099,1095,1091,1066,1032,1030,1015
1620000US3620698,3620698,"Dobbs Ferry village, New York",10875,10891,10904,10958,10980,11034,11067,11080,11080,11024,10980
1620000US3620731,3620731,"Dolgeville village, New York",2206,2201,2200,2191,2181,2164,2144,2116,2107,2095,2081
1620000US3620896,3620896,"Dresden village, New York",308,304,303,302,300,298,297,294,294,291,289
1620000US3620951,3620951,"Dryden village, New York",1890,1889,1891,1894,1910,2068,2063,2049,2038,2109,2093
1620000US3621050,3621050,"Dundee village, New York",1725,1726,1722,1715,1700,1686,1678,1668,1661,1651,1638
1620000US3621105,3621105,"Dunkirk city, New York",12563,12550,12521,12441,12355,12287,12185,12047,11908,11823,11799
1620000US3621523,3621523,"Earlville village, New York",872,872,870,866,857,853,847,834,824,814,809
1620000US3621589,3621589,"East Aurora village, New York",6236,6194,6207,6215,6217,6206,6196,6214,6207,6193,6197
1620000US3622183,3622183,"East Hampton village, New York",1083,1074,1075,1086,1089,1096,1101,1109,1113,1116,1123
1620000US3622260,3622260,"East Hills village, New York",6955,6946,6958,6983,7018,7045,7064,7111,7142,7175,7189
1620000US3622557,3622557,"East Nassau village, New York",587,589,588,585,584,582,581,579,576,574,571
1620000US3622865,3622865,"East Rochester village, New York",6587,6614,6619,6694,6715,6712,6683,6643,6588,6553,6533
1620000US3622876,3622876,"East Rockaway village, New York",9818,9750,9768,9788,9801,9804,9812,9804,9787,9795,9844
1620000US3623052,3623052,"East Syracuse village, New York",3084,3084,3085,3072,3055,3043,3027,3006,2979,2946,2935
1620000US3623217,3623217,"East Williston village, New York",2556,2560,2563,2570,2574,2575,2577,2572,2570,2567,2562
1620000US3623745,3623745,"Elba village, New York",676,675,676,675,672,665,660,658,651,647,643
1620000US3623789,3623789,"Elbridge village, New York",1058,1053,1053,1050,1044,1040,1033,1026,1017,1009,1003
1620000US3623965,3623965,"Ellenville village, New York",4135,4137,4137,4160,4128,4110,4097,4066,4037,4016,3997
1620000US3624020,3624020,"Ellicottville village, New York",376,376,375,377,380,380,386,385,386,385,383
1620000US3624075,3624075,"Ellisburg village, New York",244,244,245,249,253,248,250,247,239,241,238
1620000US3624229,3624229,"Elmira city, New York",29200,29242,29255,29161,29191,28800,28331,28057,27604,27320,27204
1620000US3624251,3624251,"Elmira Heights village, New York",4097,4097,4098,4091,4087,4037,3992,3968,3919,3887,3849
1620000US3624295,3624295,"Elmsford village, New York",4664,4680,4686,4712,4745,4750,4758,4777,4992,5234,5223
1620000US3624515,3624515,"Endicott village, New York",13392,13381,13363,13260,13186,13121,13050,12947,12916,12783,12645
1620000US3624713,3624713,"Esperance village, New York",345,348,347,349,346,345,341,339,338,335,334
1620000US3624823,3624823,"Evans Mills village, New York",621,611,613,617,629,616,607,594,575,573,567
1620000US3624867,3624867,"Fabius village, New York",352,352,352,351,349,348,344,344,341,335,336
1620000US3624988,3624988,"Fair Haven village, New York",745,744,743,740,740,739,733,726,723,725,720
1620000US3625076,3625076,"Fairport village, New York",5353,5358,5353,5354,5356,5363,5356,5321,5377,5354,5336
1620000US3625164,3625164,"Falconer village, New York",2420,2420,2415,2403,2384,2374,2352,2326,2299,2282,2265
1620000US3625384,3625384,"Farmingdale village, New York",8189,8232,8242,8265,8271,8272,8634,8673,8852,9043,9021
1620000US3625428,3625428,"Farnham village, New York",382,383,383,382,381,381,380,378,374,373,372
1620000US3625527,3625527,"Fayetteville village, New York",4373,4247,4250,4240,4227,4211,4194,4167,4131,4099,4084
1620000US3625967,3625967,"Fishkill village, New York",2171,2154,2155,2155,2141,2131,2117,2102,2089,2088,2080
1620000US3626209,3626209,"Fleischmanns village, New York",351,347,346,344,340,338,335,329,324,321,317
1620000US3626264,3626264,"Floral Park village, New York",15863,15870,15890,15930,15945,15959,15979,15961,15942,15948,15923
1620000US3626319,3626319,"Florida village, New York",2833,2801,2804,2791,2805,2821,2848,2857,2847,2845,2846
1620000US3626352,3626352,"Flower Hill village, New York",4665,4626,4635,4666,4689,4710,4748,4772,4793,4826,4869
1620000US3626462,3626462,"Fonda village, New York",795,788,789,779,774,768,767,764,758,758,760
1620000US3626704,3626704,"Fort Ann village, New York",484,484,484,483,483,481,477,477,474,471,470
1620000US3626770,3626770,"Fort Edward village, New York",3375,3371,3380,3367,3361,3345,3334,3320,3301,3283,3267
1620000US3626880,3626880,"Fort Johnson village, New York",490,488,488,482,479,473,472,471,467,467,468
1620000US3626924,3626924,"Fort Plain village, New York",2322,2331,2333,2301,2285,2268,2262,2252,2233,2229,2236
1620000US3627188,3627188,"Frankfort village, New York",2598,2598,2597,2587,2574,2554,2529,2495,2483,2469,2450
1620000US3627221,3627221,"Franklin village, New York",374,374,373,370,367,363,360,354,348,346,340
1620000US3627331,3627331,"Franklinville village, New York",1740,1743,1740,1727,1717,1707,1698,1680,1672,1658,1644
1620000US3627419,3627419,"Fredonia village, New York",11230,11244,11235,11111,10927,10854,10779,10693,10607,10554,10501
1620000US3627485,3627485,"Freeport village, New York",42860,42843,42886,43066,43112,43143,43168,43151,43140,43138,43044
1620000US3627529,3627529,"Freeville village, New York",520,520,520,520,524,524,522,515,512,505,501
1620000US3627815,3627815,"Fulton city, New York",11896,11895,11902,11850,11783,11709,11614,11507,11393,11319,11243
1620000US3627859,3627859,"Fultonville village, New York",784,788,789,785,787,791,789,784,778,777,784
1620000US3627969,3627969,"Gainesville village, New York",229,233,232,231,230,228,226,225,223,221,220
1620000US3628101,3628101,"Galway village, New York",200,200,200,202,201,201,200,199,197,196,195
1620000US3628178,3628178,"Garden City village, New York",22371,22315,22342,22481,22659,22663,22659,22510,22473,22542,22495
1620000US3628618,3628618,"Geneseo village, New York",8031,8039,8038,7984,7972,8112,8145,8074,8054,8043,8144
1620000US3628640,3628640,"Geneva city, New York",13261,13272,13206,13231,13189,13177,13118,12990,12763,12812,12762
1620000US3628959,3628959,"Gilbertsville village, New York",399,399,399,396,393,392,388,381,377,374,373
1620000US3629113,3629113,"Glen Cove city, New York",26964,26952,26985,27086,27119,27160,27200,27256,27250,27250,27201
1620000US3629322,3629322,"Glen Park village, New York",502,496,497,503,514,507,508,504,488,490,483
1620000US3629333,3629333,"Glens Falls city, New York",14700,14703,14694,14697,14606,14524,14449,14278,14356,14422,14348
1620000US3629443,3629443,"Gloversville city, New York",15665,15630,15603,15509,15376,15251,15079,14987,14905,14907,14832
1620000US3629542,3629542,"Goshen village, New York",5454,5441,5452,5428,5390,5375,5373,5367,5365,5345,5350
1620000US3629597,3629597,"Gouverneur village, New York",3949,3939,3941,3926,3910,3880,3812,3783,3740,3716,3690
1620000US3629630,3629630,"Gowanda village, New York",2709,2711,2700,2696,2678,2667,2650,2631,2616,2603,2589
1620000US3629872,3629872,"Grand View-on-Hudson village, New York",285,288,289,291,291,293,295,296,292,295,298
1620000US3630026,3630026,"Granville village, New York",2543,2535,2544,2522,2505,2497,2481,2480,2466,2445,2435
1620000US3630169,3630169,"Great Neck village, New York",9989,10070,10086,10127,10151,10174,10198,10196,10200,10215,10215
1620000US3630191,3630191,"Great Neck Estates village, New York",2761,2761,2768,2778,2789,2804,2815,2828,2841,2856,2871
1620000US3630213,3630213,"Great Neck Plaza village, New York",6707,6715,6732,6738,6894,6886,6905,6899,6968,6973,6958
1620000US3630411,3630411,"Greene village, New York",1580,1577,1572,1566,1554,1536,1522,1494,1468,1447,1432
1620000US3630521,3630521,"Green Island village, New York",2620,2620,2617,2617,2622,2623,2616,2604,2596,2587,2576
1620000US3630576,3630576,"Greenport village, New York",2197,2201,2201,2206,2204,2211,2211,2204,2211,2208,2224
1620000US3630675,3630675,"Greenwich village, New York",1777,1773,1776,1769,1764,1755,1749,1744,1730,1722,1715
1620000US3630752,3630752,"Greenwood Lake village, New York",3154,3154,3157,3143,3125,3112,3104,3101,3092,3087,3083
1620000US3630961,3630961,"Groton village, New York",2363,2359,2363,2357,2378,2389,2376,2348,2342,2306,2287
1620000US3631291,3631291,"Hagaman village, New York",1292,1297,1298,1295,1295,1295,1297,1290,1281,1277,1281
1620000US3631643,3631643,"Hamburg village, New York",9409,9422,9425,9451,9511,9543,9566,9568,9568,9631,9691
1620000US3631709,3631709,"Hamilton village, New York",4239,4237,4232,4221,4172,4210,4189,4142,4123,4104,4097
1620000US3631830,3631830,"Hammond village, New York",280,280,280,281,280,280,280,275,275,273,271
1620000US3631852,3631852,"Hammondsport village, New York",661,661,661,661,654,651,646,641,635,629,624
1620000US3631940,3631940,"Hancock village, New York",1031,1031,1029,1021,1011,1003,992,977,964,956,944
1620000US3632017,3632017,"Hannibal village, New York",555,555,555,553,549,546,542,537,535,534,529
1620000US3632325,3632325,"Harriman village, New York",2424,2420,2423,2454,2475,2460,2452,2458,2449,2441,2437
1620000US3632402,3632402,"Harrison village, New York",27472,27465,27503,27641,27754,27866,28023,27937,27955,27926,27896
1620000US3632424,3632424,"Harrisville village, New York",628,624,623,625,628,627,624,620,616,613,608
1620000US3632710,3632710,"Hastings-on-Hudson village, New York",7849,7868,7884,7917,7916,7969,7989,7985,7985,7950,7912
1620000US3632754,3632754,"Haverstraw village, New York",11910,11910,11937,12011,12040,12090,12113,12115,12061,12070,12034
1620000US3632963,3632963,"Head of the Harbor village, New York",1472,1479,1483,1486,1483,1482,1481,1476,1471,1469,1465
1620000US3633139,3633139,"Hempstead village, New York",53891,54018,54082,54186,54987,55478,55496,55418,55380,55373,55255
1620000US3634121,3634121,"Herkimer village, New York",7743,7737,7731,7706,7672,7623,7559,7469,7411,7382,7339
1620000US3634264,3634264,"Heuvelton village, New York",714,721,720,715,715,711,720,730,735,729,721
1620000US3634297,3634297,"Hewlett Bay Park village, New York",404,409,410,416,417,426,429,432,431,431,433
1620000US3634308,3634308,"Hewlett Harbor village, New York",1263,1269,1271,1274,1276,1275,1276,1275,1274,1274,1275
1620000US3634319,3634319,"Hewlett Neck village, New York",445,451,452,453,456,468,474,471,471,471,470
1620000US3634495,3634495,"Highland Falls village, New York",3900,3887,3891,3878,3850,3832,3831,3829,3824,3822,3824
1620000US3634660,3634660,"Hillburn village, New York",951,961,963,978,981,985,985,988,987,988,988
1620000US3634847,3634847,"Hilton village, New York",5886,5881,5931,5944,5934,5932,5915,5883,5842,5819,5804
1620000US3634979,3634979,"Hobart village, New York",441,436,435,432,427,422,417,411,406,400,395
1620000US3635144,3635144,"Holland Patent village, New York",458,458,458,458,457,458,455,452,449,448,448
1620000US3635155,3635155,"Holley village, New York",1811,1811,1808,1798,1782,1766,1748,1729,1717,1697,1690
1620000US3635276,3635276,"Homer village, New York",3291,3285,3283,3268,3246,3220,3205,3168,3133,3122,3120
1620000US3635364,3635364,"Honeoye Falls village, New York",2674,2678,2680,2699,2704,2701,2699,2691,2794,2780,2774
1620000US3635474,3635474,"Hoosick Falls village, New York",3501,3493,3489,3469,3454,3442,3435,3425,3404,3378,3373
1620000US3635672,3635672,"Hornell city, New York",8563,8572,8579,8570,8511,8471,8405,8335,8273,8182,8349
1620000US3635694,3635694,"Horseheads village, New York",6461,6440,6441,6435,6615,6636,6620,6586,6504,6458,6395
1620000US3635969,3635969,"Hudson city, New York",6713,6712,6722,6628,6675,6603,6569,6512,6286,6201,6144
1620000US3635980,3635980,"Hudson Falls village, New York",7281,7290,7297,7249,7210,7277,7223,7182,7113,7087,7053
1620000US3636167,3636167,"Hunter village, New York",502,496,494,492,487,484,481,477,477,475,475
1620000US3637022,3637022,"Huntington Bay village, New York",1425,1445,1446,1452,1451,1450,1446,1442,1432,1429,1435
1620000US3637275,3637275,"Ilion village, New York",8053,8185,8179,8161,8131,8049,7970,7866,7830,7793,7738
1620000US3637528,3637528,"Interlaken village, New York",602,605,603,604,603,625,623,617,610,603,604
1620000US3637803,3637803,"Irvington village, New York",6420,6422,6431,6466,6489,6524,6543,6550,6550,6529,6498
1620000US3637840,3637840,"Islandia village, New York",3335,3338,3340,3347,3341,3339,3366,3357,3340,3331,3323
1620000US3637847,3637847,"Island Park village, New York",4655,4683,4684,4702,4692,4683,4753,4774,4815,4840,4860
1620000US3638077,3638077,"Ithaca city, New York",30014,30013,30039,30154,30329,30431,30438,30360,30315,30693,30999
1620000US3638264,3638264,"Jamestown city, New York",31146,31160,31078,30875,30720,30661,30392,30061,29736,29522,29315
1620000US3638506,3638506,"Jeffersonville village, New York",359,358,358,355,352,351,345,339,340,338,338
1620000US3638748,3638748,"Johnson City village, New York",15174,15174,15153,15033,14953,14871,14817,14693,14599,14452,14299
1620000US3638781,3638781,"Johnstown city, New York",8743,8657,8667,8644,8583,8469,8376,8313,8289,8286,8249
1620000US3638825,3638825,"Jordan village, New York",1368,1370,1370,1368,1359,1354,1347,1338,1324,1311,1306
1620000US3638934,3638934,"Kaser village, New York",4724,4713,4739,4873,4928,4940,4956,5050,5273,5282,5380
1620000US3639232,3639232,"Kenmore village, New York",15423,15502,15494,15451,15412,15395,15342,15257,15168,15113,15076
1620000US3639309,3639309,"Kensington village, New York",1161,1149,1153,1156,1158,1167,1171,1168,1172,1177,1185
1620000US3639562,3639562,"Kinderhook village, New York",1211,1211,1210,1199,1196,1188,1185,1174,1157,1147,1135
1620000US3639694,3639694,"Kings Point village, New York",5005,5077,5095,5094,5083,5100,5115,5126,5161,5255,5287
1620000US3639727,3639727,"Kingston city, New York",23893,23855,23816,23750,23681,23591,23545,23361,23164,23052,22950
1620000US3639853,3639853,"Kiryas Joel village, New York",20175,20281,20310,20505,21343,21806,22161,22695,23659,24181,25292
1620000US3640189,3640189,"Lackawanna city, New York",18141,18136,18128,18078,18037,18022,17961,17953,17851,17800,17768
1620000US3640200,3640200,"Lacona village, New York",582,582,582,580,576,573,569,564,556,554,550
1620000US3640508,3640508,"Lake George village, New York",906,906,906,907,905,899,897,887,884,881,879
1620000US3640530,3640530,"Lake Grove village, New York",11163,11193,11206,11232,11214,11212,11188,11162,11119,11085,11079
1620000US3640761,3640761,"Lake Placid village, New York",2521,2529,2526,2521,2491,2469,2447,2431,2411,2397,2386
1620000US3640937,3640937,"Lake Success village, New York",2934,2984,2992,3016,3046,3075,3084,3091,3098,3124,3135
1620000US3641069,3641069,"Lakewood village, New York",3002,2989,2983,2963,2959,2944,2923,2889,2857,2838,2817
1620000US3641135,3641135,"Lancaster village, New York",10352,10296,10292,10263,10237,10232,10221,10173,10145,10108,10118
1620000US3641223,3641223,"Lansing village, New York",3529,3549,3554,3567,3604,3607,3595,3567,3547,3489,3472
1620000US3641333,3641333,"Larchmont village, New York",5864,5857,5862,5892,5905,5943,6093,6102,6117,6085,6069
1620000US3641432,3641432,"Lattingtown village, New York",1739,1741,1743,1751,1751,1760,1769,1773,1774,1774,1768
1620000US3641487,3641487,"Laurel Hollow village, New York",1952,1948,1953,1977,1989,1997,1999,2015,2023,2029,2028
1620000US3641520,3641520,"Laurens village, New York",263,259,259,257,257,254,254,251,248,246,247
1620000US3641553,3641553,"Lawrence village, New York",6483,6437,6448,6475,6496,6504,6522,6517,6538,6549,6559
1620000US3641872,3641872,"Leicester village, New York",468,466,465,466,463,459,457,455,452,448,444
1620000US3642026,3642026,"Le Roy village, New York",4391,4390,4386,4375,4367,4315,4283,4268,4205,4200,4172
1620000US3642147,3642147,"Lewiston village, New York",2701,2704,2702,2609,2604,2602,2598,2590,2586,2574,2573
1620000US3642224,3642224,"Liberty village, New York",4392,4361,4361,4317,4294,4279,4193,4123,4116,4109,4113
1620000US3642323,3642323,"Lima village, New York",2139,2141,2136,2124,2116,2101,2095,2087,2076,2052,2033
1620000US3642554,3642554,"Lindenhurst village, New York",27253,27262,27277,27326,27269,27299,27248,27170,27033,26973,26902
1620000US3642642,3642642,"Lisle village, New York",320,320,320,317,316,314,313,310,305,304,299
1620000US3642741,3642741,"Little Falls city, New York",4946,4948,4944,4925,4902,4866,4823,4758,4738,4708,4675
1620000US3642829,3642829,"Little Valley village, New York",1143,1142,1140,1135,1126,1121,1116,1107,1113,1100,1097
1620000US3642884,3642884,"Liverpool village, New York",2347,2328,2328,2319,2307,2297,2287,2271,2248,2227,2216
1620000US3642950,3642950,"Livonia village, New York",1409,1401,1398,1389,1383,1371,1364,1361,1354,1339,1370
1620000US3643005,3643005,"Lloyd Harbor village, New York",3660,3680,3682,3699,3697,3695,3691,3688,3681,3674,3669
1620000US3643082,3643082,"Lockport city, New York",21165,21186,21159,21046,20964,20897,20766,20626,20524,20529,20434
1620000US3643214,3643214,"Lodi village, New York",291,291,290,290,293,299,296,295,295,291,291
1620000US3643335,3643335,"Long Beach city, New York",33275,33331,33392,33489,33360,33439,33460,33460,33516,33579,33534
1620000US3643720,3643720,"Lowville village, New York",3470,3455,3453,3426,3441,3421,3417,3380,3358,3349,3330
1620000US3643874,3643874,"Lynbrook village, New York",19427,19477,19504,19551,19577,19590,19600,19576,19555,19540,19493
1620000US3643918,3643918,"Lyndonville village, New York",838,838,839,832,825,820,809,800,794,785,782
1620000US3644006,3644006,"Lyons Falls village, New York",566,566,567,564,569,567,569,563,559,557,552
1620000US3644193,3644193,"McGraw village, New York",1053,1040,1039,1033,1025,1017,1013,1000,989,985,984
1620000US3644424,3644424,"Madison village, New York",305,302,302,300,298,298,294,291,289,286,286
1620000US3644710,3644710,"Malone village, New York",5911,5917,5913,5879,5874,5828,5792,5720,5692,5662,5617
1620000US3644787,3644787,"Malverne village, New York",8514,8510,8518,8539,8547,8555,8558,8549,8537,8536,8514
1620000US3644831,3644831,"Mamaroneck village, New York",18929,18903,18927,19025,19053,19151,19185,19221,19273,19213,19154
1620000US3644853,3644853,"Manchester village, New York",1709,1691,1682,1678,1671,1678,1671,1661,1646,1633,1625
1620000US3645018,3645018,"Manlius village, New York",4704,4662,4663,4645,4633,4622,4595,4564,4521,4473,4457
1620000US3645073,3645073,"Mannsville village, New York",354,350,351,356,364,359,359,355,346,346,343
1620000US3645106,3645106,"Manorhaven village, New York",6556,6454,6467,6490,6503,6536,6563,6591,6602,6659,6649
1620000US3645392,3645392,"Marathon village, New York",919,916,916,914,905,900,894,884,875,869,868
1620000US3645480,3645480,"Marcellus village, New York",1813,1809,1809,1803,1794,1785,1776,1763,1749,1732,1727
1620000US3645557,3645557,"Margaretville village, New York",596,596,591,591,595,588,582,567,565,561,554
1620000US3645997,3645997,"Massapequa Park village, New York",17008,17011,17036,17089,17113,17127,17142,17132,17114,17121,17091
1620000US3646019,3646019,"Massena village, New York",10936,10938,10922,10889,10857,10778,10686,10562,10422,10335,10257
1620000US3646107,3646107,"Matinecock village, New York",810,818,819,821,823,824,824,826,828,831,829
1620000US3646162,3646162,"Maybrook village, New York",2958,2961,2966,2963,2948,3104,3104,3269,3408,3546,3688
1620000US3646206,3646206,"Mayfield village, New York",832,843,842,837,830,818,809,804,798,801,795
1620000US3646239,3646239,"Mayville village, New York",1711,1704,1713,1688,1697,1694,1673,1662,1656,1626,1615
1620000US3646360,3646360,"Mechanicville city, New York",5196,5199,5216,5252,5235,5214,5190,5187,5127,5114,5088
1620000US3646415,3646415,"Medina village, New York",6065,6065,6062,6029,5985,5933,5874,5813,5773,5706,5677
1620000US3646536,3646536,"Menands village, New York",3990,3994,3992,3985,3987,3991,3987,3970,3943,3923,3897
1620000US3646646,3646646,"Meridian village, New York",309,309,309,307,306,305,302,299,297,295,294
1620000US3646811,3646811,"Mexico village, New York",1624,1617,1617,1613,1603,1596,1584,1571,1555,1548,1536
1620000US3646866,3646866,"Middleburgh village, New York",1500,1488,1487,1486,1467,1455,1445,1424,1422,1419,1410
1620000US3646998,3646998,"Middleport village, New York",1840,1840,1838,1827,1815,1806,1796,1787,1775,1765,1755
1620000US3647042,3647042,"Middletown city, New York",28086,27902,27929,27843,27675,27562,27518,27597,27630,27718,27815
1620000US3647108,3647108,"Middleville village, New York",512,512,512,515,510,511,506,500,497,495,491
1620000US3647229,3647229,"Milford village, New York",415,418,418,416,414,412,410,405,401,399,398
1620000US3647273,3647273,"Millbrook village, New York",1452,1448,1449,1449,1441,1433,1423,1412,1404,1400,1397
1620000US3647361,3647361,"Millerton village, New York",958,958,958,958,952,946,940,933,928,927,922
1620000US3647405,3647405,"Mill Neck village, New York",997,945,948,951,953,956,957,961,964,969,969
1620000US3647427,3647427,"Millport village, New York",312,312,312,312,312,308,302,301,299,295,292
1620000US3647636,3647636,"Mineola village, New York",18799,18858,18882,18927,18952,19033,19053,19132,19199,19219,19234
1620000US3647757,3647757,"Minoa village, New York",3449,3452,3460,3491,3499,3527,3528,3505,3484,3444,3429
1620000US3647823,3647823,"Mohawk village, New York",2731,2702,2701,2690,2680,2657,2631,2596,2586,2570,2551
1620000US3647988,3647988,"Monroe village, New York",8364,8355,8386,8436,8478,8549,8533,8592,8576,8577,8570
1620000US3648090,3648090,"Montebello village, New York",4526,4525,4553,4580,4590,4610,4627,4631,4613,4614,4604
1620000US3648142,3648142,"Montgomery village, New York",3814,3792,3813,3907,4061,4298,4570,4556,4540,4532,4522
1620000US3648175,3648175,"Monticello village, New York",6726,6839,6829,6771,6717,6731,6568,6480,6455,6434,6439
1620000US3648197,3648197,"Montour Falls village, New York",1711,1707,1703,1708,1707,1692,1676,1661,1644,1627,1619
1620000US3648296,3648296,"Moravia village, New York",1282,1279,1280,1275,1268,1259,1249,1242,1227,1217,1209
1620000US3648483,3648483,"Morris village, New York",583,583,582,580,577,576,570,564,560,557,555
1620000US3648571,3648571,"Morristown village, New York",395,395,395,393,394,391,388,385,382,380,380
1620000US3648593,3648593,"Morrisville village, New York",2199,2166,2163,1911,1876,1835,1764,1751,1741,1734,1732
1620000US3648890,3648890,"Mount Kisco village, New York",10877,10773,10785,10842,10855,10912,10927,10939,10933,10876,10824
1620000US3648945,3648945,"Mount Morris village, New York",2986,2979,2972,2952,2933,2912,2897,2884,2864,2839,2812
1620000US3649121,3649121,"Mount Vernon city, New York",67292,67303,67388,67738,67839,68135,68224,68288,68234,67915,67593
1620000US3649220,3649220,"Munnsville village, New York",474,488,487,485,482,481,478,471,470,463,461
1620000US3649231,3649231,"Munsey Park village, New York",2693,2711,2715,2722,2723,2726,2726,2724,2719,2722,2716
1620000US3649330,3649330,"Muttontown village, New York",3497,3505,3513,3538,3587,3622,3642,3648,3652,3655,3663
1620000US3649429,3649429,"Naples village, New York",1041,1044,1038,1036,1031,1028,1022,1018,1010,1008,1003
1620000US3649506,3649506,"Nassau village, New York",1133,1136,1135,1127,1123,1122,1122,1116,1112,1106,1105
1620000US3649748,3649748,"Nelliston village, New York",596,596,596,589,585,581,580,578,573,573,577
1620000US3649781,3649781,"Nelsonville village, New York",628,630,630,632,629,631,633,635,630,632,634
1620000US3649891,3649891,"Newark village, New York",9145,9326,9316,9245,9202,9132,9078,9006,8942,8894,8855
1620000US3649902,3649902,"Newark Valley village, New York",997,999,998,993,977,971,964,954,940,933,928
1620000US3649946,3649946,"New Berlin village, New York",1028,1030,1027,1025,1019,1014,1011,1002,999,991,989
1620000US3650034,3650034,"Newburgh city, New York",28866,28903,28932,28885,28657,28500,28404,28379,28263,28197,28164
1620000US3650298,3650298,"New Hartford village, New York",1847,1847,1845,1840,1836,1832,1844,1832,1823,1819,1836
1620000US3650353,3650353,"New Hempstead village, New York",5132,5140,5151,5206,5220,5255,5264,5265,5374,5435,5415
1620000US3650397,3650397,"New Hyde Park village, New York",9712,9776,9788,9815,9831,9840,9850,9842,9842,9866,9842
1620000US3650551,3650551,"New Paltz village, New York",6818,6837,6847,7106,6981,7009,7055,7229,7157,7214,7221
1620000US3650573,3650573,"Newport village, New York",640,640,640,638,635,630,625,617,614,611,607
1620000US3650617,3650617,"New Rochelle city, New York",77062,77098,77220,77686,78324,79270,79355,79431,79446,79031,78742
1620000US3650705,3650705,"New Square village, New York",6944,6974,7011,7113,7335,7489,7618,7961,8224,8342,8586
1620000US3651000,3651000,"New York city, New York",8175133,8174988,8190355,8272963,8348032,8398739,8437387,8468181,8475976,8438271,8398748
1620000US3651011,3651011,"New York Mills village, New York",3327,3326,3323,3330,3324,3314,3295,3277,3255,3247,3229
1620000US3651055,3651055,"Niagara Falls city, New York",50193,50173,50138,49893,49659,49459,49215,48896,48643,48374,48144
1620000US3651110,3651110,"Nichols village, New York",512,512,511,509,502,499,493,488,481,479,476
1620000US3651286,3651286,"Nissequogue village, New York",1749,1746,1750,1751,1747,1749,1749,1747,1741,1740,1733
1620000US3651792,3651792,"North Collins village, New York",1232,1227,1227,1222,1221,1223,1219,1213,1207,1203,1201
1620000US3652188,3652188,"North Haven village, New York",833,841,844,852,855,863,866,872,877,884,887
1620000US3653022,3653022,"North Hills village, New York",5075,5183,5190,5202,5220,5224,5236,5487,5742,5758,5987
1620000US3653055,3653055,"North Hornell village, New York",778,782,784,772,778,764,755,754,753,752,747
1620000US3653396,3653396,"Northport village, New York",7401,7404,7409,7424,7418,7418,7400,7374,7342,7319,7301
1620000US3653660,3653660,"North Syracuse village, New York",6800,6812,6827,6977,6940,6912,6872,6823,6758,6690,6658
1620000US3653682,3653682,"North Tonawanda city, New York",31568,31574,31548,31417,31230,31073,30915,30735,30582,30421,30372
1620000US3653770,3653770,"Northville village, New York",1099,1099,1099,1102,1096,1081,1071,1065,1058,1058,1053
1620000US3653979,3653979,"Norwich city, New York",7190,7190,7169,7121,7068,6984,6997,6941,6817,6721,6644
1620000US3654012,3654012,"Norwood village, New York",1657,1657,1655,1650,1644,1632,1623,1605,1587,1576,1564
1620000US3654078,3654078,"Nunda village, New York",1377,1354,1351,1343,1335,1324,1318,1321,1314,1301,1290
1620000US3654100,3654100,"Nyack village, New York",6765,6782,6798,6848,6869,6897,6977,6974,6944,6951,7185
1620000US3654155,3654155,"Oakfield village, New York",1813,1813,1810,1803,1796,1776,1762,1751,1731,1719,1708
1620000US3654430,3654430,"Ocean Beach village, New York",79,81,81,81,81,81,82,82,82,82,83
1620000US3654452,3654452,"Odessa village, New York",591,590,589,589,589,583,577,570,562,559,559
1620000US3654485,3654485,"Ogdensburg city, New York",11128,11129,11101,11034,11063,10956,10970,10853,10727,10613,10551
1620000US3654562,3654562,"Old Brookville village, New York",2134,2112,2115,2132,2139,2147,2161,2172,2185,2188,2192
1620000US3654617,3654617,"Old Field village, New York",918,918,919,923,921,921,916,913,908,908,908
1620000US3654705,3654705,"Old Westbury village, New York",4671,4708,4716,4642,4626,4609,4651,4686,4716,4726,4748
1620000US3654716,3654716,"Olean city, New York",14452,14428,14405,14291,14193,14111,14026,13871,13800,13699,13597
1620000US3654837,3654837,"Oneida city, New York",11393,11314,11307,11245,11175,11150,11095,10995,10996,10882,10912
1620000US3654848,3654848,"Oneida Castle village, New York",625,635,634,635,638,635,635,631,627,628,625
1620000US3654881,3654881,"Oneonta city, New York",13901,13950,13942,13934,13966,13964,13743,13777,13831,13951,13918
1620000US3655266,3655266,"Orchard Park village, New York",3246,3222,3221,3211,3205,3203,3191,3173,3156,3147,3141
1620000US3655365,3655365,"Oriskany village, New York",1400,1401,1403,1396,1396,1389,1382,1369,1355,1343,1337
1620000US3655376,3655376,"Oriskany Falls village, New York",732,720,719,717,716,714,707,702,698,696,693
1620000US3655530,3655530,"Ossining village, New York",25060,25054,25052,25203,25140,25181,25243,25270,25248,25110,24998
1620000US3655574,3655574,"Oswego city, New York",18142,18151,18142,18073,18109,17983,17856,17739,17567,17450,17337
1620000US3655618,3655618,"Otego village, New York",1010,997,996,989,983,977,967,956,946,939,935
1620000US3655673,3655673,"Otisville village, New York",1068,1080,1081,1076,1069,1066,1060,1059,1053,1055,1053
1620000US3655816,3655816,"Ovid village, New York",602,611,609,607,607,632,621,620,616,605,608
1620000US3655882,3655882,"Owego village, New York",3896,3898,3899,3893,3834,3812,3786,3746,3810,3902,3888
1620000US3655948,3655948,"Oxford village, New York",1450,1446,1442,1439,1432,1422,1418,1406,1400,1388,1386
1620000US3656011,3656011,"Oyster Bay Cove village, New York",2197,2221,2224,2230,2236,2248,2256,2254,2256,2255,2254
1620000US3656088,3656088,"Painted Post village, New York",1809,1810,1809,1819,2028,2021,2003,1986,1970,1952,1935
1620000US3656110,3656110,"Palatine Bridge village, New York",737,728,731,766,757,755,757,758,752,745,745
1620000US3656187,3656187,"Palmyra village, New York",3536,3535,3528,3502,3487,3457,3438,3406,3378,3356,3339
1620000US3656231,3656231,"Panama village, New York",479,479,478,475,472,470,466,461,456,451,450
1620000US3656341,3656341,"Parish village, New York",450,447,447,445,443,440,441,437,437,435,432
1620000US3656660,3656660,"Patchogue village, New York",11798,11809,11840,11860,11887,12269,12334,12417,12431,12405,12368
1620000US3656814,3656814,"Pawling village, New York",2347,2299,2300,2298,2306,2294,2280,2266,2277,2272,2267
1620000US3656979,3656979,"Peekskill city, New York",23583,23587,23618,23741,23774,23896,23930,23947,23945,23983,24173
1620000US3657001,3657001,"Pelham village, New York",6910,6867,6876,6909,6918,6947,6960,6968,6968,6935,6907
1620000US3657023,3657023,"Pelham Manor village, New York",5486,5524,5531,5568,5574,5602,5612,5616,5611,5584,5563
1620000US3657177,3657177,"Penn Yan village, New York",5159,5168,5152,5148,5112,5077,5051,5024,4997,4973,4936
1620000US3657243,3657243,"Perry village, New York",3673,3675,3662,3623,3602,3568,3532,3513,3485,3480,3466
1620000US3657518,3657518,"Phelps village, New York",1989,1993,1984,1979,1969,1965,1959,1951,1939,1926,1921
1620000US3657551,3657551,"Philadelphia village, New York",1252,1236,1239,1251,1272,1250,1232,1203,1165,1164,1146
1620000US3657639,3657639,"Philmont village, New York",1379,1371,1369,1355,1348,1341,1331,1319,1303,1286,1272
1620000US3657661,3657661,"Phoenix village, New York",2382,2382,2381,2373,2358,2342,2327,2305,2280,2269,2257
1620000US3657749,3657749,"Piermont village, New York",2510,2505,2511,2528,2534,2544,2552,2553,2542,2545,2535
1620000US3658354,3658354,"Pittsford village, New York",1355,1381,1380,1380,1377,1376,1371,1362,1351,1345,1341
1620000US3658475,3658475,"Plandome village, New York",1349,1373,1375,1382,1390,1392,1403,1424,1436,1451,1471
1620000US3658486,3658486,"Plandome Heights village, New York",1005,1005,1006,1009,1011,1015,1025,1024,1024,1024,1019
1620000US3658497,3658497,"Plandome Manor village, New York",872,871,872,875,876,877,878,880,888,891,890
1620000US3658574,3658574,"Plattsburgh city, New York",19989,20007,20018,19795,19856,19728,19848,19532,19362,19410,19438
1620000US3658728,3658728,"Pleasantville village, New York",7019,7085,7093,7140,7150,7184,7201,7206,7207,7217,7242
1620000US3658937,3658937,"Poland village, New York",508,508,508,506,504,500,496,490,488,485,480
1620000US3658992,3658992,"Pomona village, New York",3103,3103,3110,3133,3138,3152,3181,3199,3201,3231,3239
1620000US3659157,3659157,"Poquott village, New York",953,953,954,956,951,951,948,945,940,937,934
1620000US3659212,3659212,"Port Byron village, New York",1290,1258,1257,1252,1243,1238,1228,1215,1202,1201,1198
1620000US3659223,3659223,"Port Chester village, New York",28967,28975,29008,29166,29210,29354,29419,29466,29494,29383,29282
1620000US3659245,3659245,"Port Dickinson village, New York",1641,1643,1641,1629,1619,1611,1602,1590,1575,1558,1539
1620000US3659355,3659355,"Port Jefferson village, New York",7750,7745,7757,7751,7757,7790,7794,7796,7770,7848,8164
1620000US3659388,3659388,"Port Jervis city, New York",8828,8840,8847,8805,8734,8694,8660,8628,8597,8575,8558
1620000US3659454,3659454,"Port Leyden village, New York",672,670,669,671,674,672,672,665,661,657,657
1620000US3659498,3659498,"Portville village, New York",1014,1014,1012,1005,1001,995,990,979,972,965,959
1620000US3659531,3659531,"Port Washington North village, New York",3154,3177,3181,3190,3206,3210,3211,3209,3204,3213,3209
1620000US3659564,3659564,"Potsdam village, New York",9428,9451,9446,9607,9580,9737,9733,9373,9351,9009,8973
1620000US3659641,3659641,"Poughkeepsie city, New York",32736,30828,30848,30813,30645,30499,30391,30340,30153,30419,30469
1620000US3659960,3659960,"Pulaski village, New York",2365,2357,2358,2356,2345,2329,2312,2291,2268,2257,2241
1620000US3660422,3660422,"Quogue village, New York",967,971,972,977,978,982,986,990,998,1007,1010
1620000US3660675,3660675,"Ravena village, New York",3268,3266,3263,3275,3277,3276,3271,3256,3236,3218,3197
1620000US3660829,3660829,"Red Creek village, New York",532,532,531,527,525,520,517,506,500,497,494
1620000US3660895,3660895,"Red Hook village, New York",1961,1950,1951,1951,1941,1950,1961,1970,1963,1960,1955
1620000US3661115,3661115,"Remsen village, New York",508,510,512,514,514,510,507,503,500,501,496
1620000US3661148,3661148,"Rensselaer city, New York",9392,9371,9370,9507,9524,9472,9417,9312,9285,9218,9212
1620000US3661159,3661159,"Rensselaer Falls village, New York",332,327,327,328,325,325,320,317,313,310,308
1620000US3661346,3661346,"Rhinebeck village, New York",2657,2649,2645,2644,2636,2626,2610,2594,2574,2570,2566
1620000US3661434,3661434,"Richburg village, New York",450,450,450,448,444,439,438,432,428,423,425
1620000US3661489,3661489,"Richfield Springs village, New York",1264,1262,1261,1253,1247,1244,1233,1220,1206,1198,1196
1620000US3661588,3661588,"Richmondville village, New York",918,917,915,913,898,891,882,869,867,863,854
1620000US3661621,3661621,"Richville village, New York",323,323,323,322,323,321,318,312,308,306,303
1620000US3662061,3662061,"Riverside village, New York",497,496,496,496,492,490,488,488,485,481,475
1620000US3663000,3663000,"Rochester city, New York",210565,210684,210452,210710,210600,210454,209626,208709,207729,206483,206284
1620000US3663264,3663264,"Rockville Centre village, New York",24023,24042,24078,24129,24158,24177,24193,24164,24564,24626,24602
1620000US3663418,3663418,"Rome city, New York",33725,33718,33729,33537,32904,32780,32572,32393,32272,32289,32204
1620000US3663770,3663770,"Roslyn village, New York",2770,2788,2790,2786,2793,2801,2802,2812,2839,2889,2882
1620000US3663792,3663792,"Roslyn Estates village, New York",1251,1230,1232,1235,1240,1238,1240,1239,1241,1241,1235
1620000US3663803,3663803,"Roslyn Harbor village, New York",1051,1045,1046,1060,1062,1066,1067,1082,1099,1104,1105
1620000US3663957,3663957,"Round Lake village, New York",623,623,624,623,620,620,616,623,629,680,694
1620000US3663979,3663979,"Rouses Point village, New York",2209,2209,2210,2201,2196,2185,2176,2160,2154,2145,2139
1620000US3664199,3664199,"Rushville village, New York",677,681,679,676,672,669,671,679,680,676,672
1620000US3664232,3664232,"Russell Gardens village, New York",945,944,945,948,949,948,949,948,950,952,948
1620000US3664309,3664309,"Rye city, New York",15720,15708,15724,15805,15823,15897,15916,15928,15910,15828,15752
1620000US3664325,3664325,"Rye Brook village, New York",9347,9301,9329,9359,9371,9406,9424,9450,9481,9439,9507
1620000US3664408,3664408,"Sackets Harbor village, New York",1450,1452,1458,1477,1508,1489,1487,1474,1431,1434,1418
1620000US3664430,3664430,"Saddle Rock village, New York",830,879,880,889,896,900,916,927,942,975,976
1620000US3664452,3664452,"Sagaponack village, New York",313,313,314,316,317,320,321,323,322,322,322
1620000US3664485,3664485,"Sag Harbor village, New York",2169,2169,2173,2180,2251,2257,2264,2274,2274,2277,2284
1620000US3664639,3664639,"St. Johnsville village, New York",1732,1751,1754,1731,1720,1707,1699,1689,1676,1684,1687
1620000US3664749,3664749,"Salamanca city, New York",5815,5811,5793,5754,5724,5681,5654,5590,5561,5516,5477
1620000US3664881,3664881,"Saltaire village, New York",37,41,41,41,41,41,41,41,41,41,41
1620000US3665035,3665035,"Sands Point village, New York",2675,2778,2782,2795,2805,2822,2833,2843,2869,2880,2897
1620000US3665068,3665068,"Sandy Creek village, New York",771,767,767,764,757,755,747,741,733,730,725
1620000US3665233,3665233,"Saranac Lake village, New York",5406,5412,5413,5403,5389,5359,5335,5303,5273,5268,5242
1620000US3665255,3665255,"Saratoga Springs city, New York",26586,26565,26599,26669,26985,27284,27443,27721,27762,27937,28005
1620000US3665288,3665288,"Saugerties village, New York",3971,3993,3988,3975,3948,3920,3918,3891,3864,3848,3836
1620000US3665354,3665354,"Savona village, New York",827,827,827,829,825,822,813,806,800,794,784
1620000US3665431,3665431,"Scarsdale village, New York",17166,17124,17153,17290,17403,17528,17627,17742,17830,17861,17863
1620000US3665475,3665475,"Schaghticoke village, New York",592,592,591,590,589,589,590,588,588,585,582
1620000US3665508,3665508,"Schenectady city, New York",66135,66157,66153,66097,66090,65841,65863,65547,65086,65352,65575
1620000US3665585,3665585,"Schoharie village, New York",922,916,915,890,858,849,845,834,836,830,828
1620000US3665750,3665750,"Schuylerville village, New York",1386,1390,1391,1392,1394,1389,1379,1379,1363,1361,1352
1620000US3665893,3665893,"Scotia village, New York",7729,7744,7759,7745,7734,7810,7804,7756,7699,7655,7654
1620000US3665959,3665959,"Scottsville village, New York",2001,2001,2002,2002,1986,1973,1966,1952,1933,1924,1919
1620000US3666047,3666047,"Sea Cliff village, New York",4995,5028,5034,5048,5053,5057,5059,5056,5060,5057,5047
1620000US3666663,3666663,"Sharon Springs village, New York",558,563,562,561,551,549,542,535,534,531,528
1620000US3666883,3666883,"Sherburne village, New York",1367,1367,1365,1360,1354,1344,1340,1329,1322,1313,1309
1620000US3666949,3666949,"Sherman village, New York",730,730,728,724,719,716,710,700,693,688,683
1620000US3666993,3666993,"Sherrill city, New York",3071,3069,3066,3072,3064,3068,3063,3041,3023,3014,2999
1620000US3667191,3667191,"Shoreham village, New York",531,538,538,544,543,545,544,542,539,535,533
1620000US3667257,3667257,"Shortsville village, New York",1439,1435,1427,1419,1421,1444,1437,1438,1434,1425,1420
1620000US3667334,3667334,"Sidney village, New York",3900,3898,3889,3858,3818,3783,3804,3744,3695,3654,3607
1620000US3667411,3667411,"Silver Creek village, New York",2656,2656,2650,2633,2615,2599,2577,2547,2520,2502,2483
1620000US3667466,3667466,"Silver Springs village, New York",782,776,774,768,766,759,752,748,742,742,738
1620000US3667488,3667488,"Sinclairville village, New York",588,588,587,583,582,577,574,568,560,557,556
1620000US3667510,3667510,"Skaneateles village, New York",2450,2452,2452,2468,2455,2456,2458,2468,2476,2463,2463
1620000US3667638,3667638,"Sleepy Hollow village, New York",9870,9865,9879,9935,9950,9998,10173,10180,10153,10101,10057
1620000US3667686,3667686,"Sloan village, New York",3661,3657,3654,3645,3636,3632,3619,3599,3578,3565,3554
1620000US3667708,3667708,"Sloatsburg village, New York",3039,3039,3046,3075,3086,3105,3122,3122,3109,3109,3103
1620000US3668099,3668099,"Smyrna village, New York",213,231,230,229,230,227,228,226,224,223,220
1620000US3668209,3668209,"Sodus village, New York",1819,1819,1816,1800,1792,1779,1767,1750,1737,1727,1718
1620000US3668242,3668242,"Sodus Point village, New York",900,900,898,894,892,885,883,875,875,866,868
1620000US3668286,3668286,"Solvay village, New York",6584,6587,6586,6563,6525,6499,6461,6418,6358,6292,6266
1620000US3668462,3668462,"Southampton village, New York",3109,3106,3111,3135,3146,3177,3200,3251,3275,3285,3301
1620000US3668610,3668610,"South Blooming Grove village, New York",3234,3223,3226,3214,3192,3177,3170,3162,3153,3151,3153
1620000US3668847,3668847,"South Corning village, New York",1145,1152,1152,1149,1140,1136,1129,1117,1109,1100,1091
1620000US3668891,3668891,"South Dayton village, New York",620,620,619,614,611,607,602,595,595,590,588
1620000US3669023,3669023,"South Floral Park village, New York",1764,1770,1772,1777,1777,1779,1781,1783,1788,1787,1787
1620000US3669078,3669078,"South Glens Falls village, New York",3518,3512,3519,3529,3618,3601,3586,3584,3568,3603,3659
1620000US3669441,3669441,"South Nyack village, New York",3510,3510,3516,3552,3567,3551,3517,3513,3505,3512,3502
1620000US3670123,3670123,"Speculator village, New York",324,322,322,321,320,317,313,312,302,301,300
1620000US3670167,3670167,"Spencer village, New York",759,762,761,758,747,742,737,727,719,711,711
1620000US3670189,3670189,"Spencerport village, New York",3601,3603,3602,3601,3591,3586,3602,3594,3650,3634,3641
1620000US3670420,3670420,"Spring Valley village, New York",31347,31306,31430,31867,31978,32155,32270,32317,32233,32296,32261
1620000US3670442,3670442,"Springville village, New York",4296,4294,4290,4280,4266,4357,4340,4328,4279,4274,4279
1620000US3670618,3670618,"Stamford village, New York",1119,1116,1113,1109,1099,1094,1086,1068,1053,1042,1029
1620000US3671267,3671267,"Stewart Manor village, New York",1896,1961,1964,1969,1969,1972,1971,1970,1968,1965,1962
1620000US3671322,3671322,"Stillwater village, New York",1738,1737,1739,1741,1736,1739,1727,1735,1719,1720,1715
1620000US3671894,3671894,"Suffern village, New York",10723,10721,10742,10810,10835,10887,10909,10907,10860,10867,11027
1620000US3672521,3672521,"Sylvan Beach village, New York",897,897,896,896,894,891,892,886,880,878,876
1620000US3673000,3673000,"Syracuse city, New York",145170,145206,145270,144566,144462,145096,144385,143827,143181,142300,142749
1620000US3673143,3673143,"Tannersville village, New York",539,537,535,532,527,524,519,515,516,515,514
1620000US3673176,3673176,"Tarrytown village, New York",11277,11245,11261,11325,11355,11412,11451,11478,11489,11437,11399
1620000US3673517,3673517,"Theresa village, New York",863,861,863,870,884,868,855,837,810,807,796
1620000US3673605,3673605,"Thomaston village, New York",2617,2610,2613,2621,2630,2631,2636,2631,2629,2626,2621
1620000US3674023,3674023,"Tivoli village, New York",1118,1116,1116,1116,1109,1102,1097,1089,1085,1084,1083
1620000US3674166,3674166,"Tonawanda city, New York",15130,15166,15158,15120,15084,15069,15016,14934,14851,14803,14798
1620000US3675484,3675484,"Troy city, New York",50129,50162,50081,50012,49843,49913,49959,49772,49593,49433,49374
1620000US3675506,3675506,"Trumansburg village, New York",1797,1784,1788,1797,1808,1817,1807,1799,1791,1773,1760
1620000US3675583,3675583,"Tuckahoe village, New York",6486,6498,6505,6538,6554,6583,6605,6608,6604,6568,6575
1620000US3675627,3675627,"Tully village, New York",873,869,871,874,870,867,864,863,861,854,857
1620000US3675671,3675671,"Tupper Lake village, New York",3667,3665,3663,3644,3639,3610,3589,3553,3531,3517,3487
1620000US3675682,3675682,"Turin village, New York",232,232,232,232,234,234,233,231,230,228,228
1620000US3675803,3675803,"Tuxedo Park village, New York",623,620,620,618,614,609,607,605,603,601,598
1620000US3676001,3676001,"Unadilla village, New York",1128,1114,1115,1109,1102,1100,1090,1080,1070,1062,1060
1620000US3676155,3676155,"Union Springs village, New York",1197,1202,1203,1200,1197,1196,1191,1183,1173,1166,1159
1620000US3676210,3676210,"Unionville village, New York",612,612,612,610,603,602,598,596,594,593,592
1620000US3676331,3676331,"Upper Brookville village, New York",1698,1707,1709,1720,1728,1738,1743,1747,1748,1757,1750
1620000US3676386,3676386,"Upper Nyack village, New York",2063,2063,2067,2096,2101,2119,2141,2164,2160,2171,2171
1620000US3676540,3676540,"Utica city, New York",62235,62239,62206,62030,61883,61683,61297,60911,60616,60402,60100
1620000US3676617,3676617,"Valatie village, New York",1819,1819,1812,1795,1781,1856,1925,1905,1890,1881,1864
1620000US3676672,3676672,"Valley Falls village, New York",466,468,468,468,468,464,464,462,460,458,457
1620000US3676705,3676705,"Valley Stream village, New York",37511,37366,37408,37500,37543,37570,37599,37667,37626,37606,37523
1620000US3676881,3676881,"Van Etten village, New York",537,534,534,533,533,529,523,518,513,509,502
1620000US3677112,3677112,"Vernon village, New York",1172,1174,1173,1175,1177,1177,1173,1166,1161,1162,1158
1620000US3677376,3677376,"Victor village, New York",2696,2776,2772,2775,2778,2778,2776,2761,2738,2720,2707
1620000US3677431,3677431,"Victory village, New York",605,603,606,603,603,600,597,594,587,588,589
1620000US3677519,3677519,"Village of the Branch village, New York",1807,1811,1812,1816,1813,1814,1809,1803,1795,1794,1797
1620000US3677684,3677684,"Voorheesville village, New York",2789,2789,2789,2803,2807,2806,2822,2811,2802,2810,2788
1620000US3677728,3677728,"Waddington village, New York",972,972,975,971,972,966,963,960,949,948,949
1620000US3677849,3677849,"Walden village, New York",6978,6892,6898,6870,6822,6789,6767,6746,6720,6707,6695
1620000US3678036,3678036,"Walton village, New York",3088,3088,3081,3056,3024,2995,2964,2920,2885,2852,2815
1620000US3678113,3678113,"Wampsville village, New York",543,637,632,644,667,635,643,633,600,601,597
1620000US3678168,3678168,"Wappingers Falls village, New York",5522,5585,5585,5566,5545,5629,5644,5603,5565,5561,5545
1620000US3678333,3678333,"Warsaw village, New York",3473,3466,3462,3436,3415,3382,3382,3357,3333,3317,3274
1620000US3678355,3678355,"Warwick village, New York",6731,6719,6778,6797,6764,6760,6756,6779,6784,6783,6778
1620000US3678465,3678465,"Washingtonville village, New York",5899,5898,5903,5872,5828,5795,5771,5758,5743,5737,5758
1620000US3678520,3678520,"Waterford village, New York",1990,1998,2000,1995,1987,1985,1972,2043,2173,2217,2300
1620000US3678553,3678553,"Waterloo village, New York",5171,5163,5150,5152,5131,5093,5045,5028,4979,4919,4914
1620000US3678608,3678608,"Watertown city, New York",27023,26816,26876,27009,27640,27172,27075,26512,25677,25649,25290
1620000US3678663,3678663,"Waterville village, New York",1583,1582,1584,1575,1572,1560,1554,1545,1529,1535,1526
1620000US3678674,3678674,"Watervliet city, New York",10254,10253,10243,10237,10248,10243,10224,10183,10118,10063,9986
1620000US3678696,3678696,"Watkins Glen village, New York",1859,1856,1852,1855,1854,1859,1862,1836,1876,1903,1899
1620000US3678806,3678806,"Waverly village, New York",4444,4430,4422,4399,4342,4338,4300,4251,4188,4167,4152
1620000US3678850,3678850,"Wayland village, New York",1865,1869,1868,1866,1851,1844,1830,1812,1802,1785,1769
1620000US3678960,3678960,"Webster village, New York",5399,5346,5343,5435,5521,5522,5502,5502,5514,5613,5698
1620000US3679015,3679015,"Weedsport village, New York",1815,1815,1813,1808,1799,1792,1774,1759,1744,1733,1722
1620000US3679081,3679081,"Wellsburg village, New York",580,574,574,573,573,567,558,557,551,545,540
1620000US3679092,3679092,"Wellsville village, New York",4679,4679,4673,4642,4613,4589,4562,4510,4469,4432,4399
1620000US3679174,3679174,"Wesley Hills village, New York",5628,5623,5639,5687,5750,5808,5847,5867,5847,5866,5882
1620000US3679444,3679444,"Westbury village, New York",15146,15039,15067,15146,15195,15239,15292,15313,15331,15358,15354
1620000US3679499,3679499,"West Carthage village, New York",2012,2012,2020,2046,2089,2063,2057,2041,1979,1983,1964
1620000US3679939,3679939,"Westfield village, New York",3224,3224,3210,3191,3165,3138,3113,3078,3053,3027,3006
1620000US3680181,3680181,"Westhampton Beach village, New York",1721,1715,1717,1723,1722,1737,1748,1760,1758,1793,1800
1620000US3680186,3680186,"West Hampton Dunes village, New York",55,55,55,56,56,57,57,57,57,58,58
1620000US3680203,3680203,"West Haverstraw village, New York",10165,10138,10149,10204,10232,10281,10300,10296,10255,10255,10221
1620000US3681292,3681292,"West Winfield village, New York",826,826,826,823,820,886,876,864,863,863,855
1620000US3681622,3681622,"Whitehall village, New York",2614,2620,2623,2613,2608,2596,2585,2577,2561,2550,2538
1620000US3681677,3681677,"White Plains city, New York",56853,56859,56942,57178,57256,57659,57748,58032,58002,58358,58111
1620000US3681710,3681710,"Whitesboro village, New York",3772,3772,3769,3755,3748,3734,3708,3684,3660,3649,3632
1620000US3681831,3681831,"Whitney Point village, New York",964,961,960,953,948,943,939,930,919,910,901
1620000US3682084,3682084,"Williamsville village, New York",5300,5314,5300,5305,5289,5301,5279,5269,5235,5247,5235
1620000US3682117,3682117,"Williston Park village, New York",7287,7258,7267,7282,7293,7297,7302,7296,7296,7295,7276
1620000US3682359,3682359,"Wilson village, New York",1264,1264,1263,1259,1257,1250,1244,1234,1230,1223,1218
1620000US3682524,3682524,"Windsor village, New York",916,918,917,913,908,906,900,893,887,878,869
1620000US3682678,3682678,"Wolcott village, New York",1701,1703,1697,1687,1680,1665,1656,1641,1630,1618,1611
1620000US3682750,3682750,"Woodbury village, New York",10686,10691,10704,10702,10686,10718,10808,10855,10851,10907,10972
1620000US3682953,3682953,"Woodridge village, New York",847,830,830,822,817,816,798,787,784,781,782
1620000US3682986,3682986,"Woodsburgh village, New York",778,776,777,779,780,781,779,781,781,781,779
1620000US3683272,3683272,"Wurtsboro village, New York",1246,1240,1238,1224,1217,1213,1185,1166,1163,1158,1159
1620000US3683371,3683371,"Wyoming village, New York",434,437,438,435,436,430,428,429,423,420,420
1620000US3684000,3684000,"Yonkers city, New York",195976,196018,196405,197575,198075,198809,199434,199721,200083,199762,199663
1620000US3684099,3684099,"Yorkville village, New York",2689,2685,2683,2672,2665,2657,2637,2618,2602,2594,2580
1620000US3684143,3684143,"Youngstown village, New York",1935,1969,1967,1957,1943,1933,1926,1917,1907,1897,1889
